{"c2_offset": [0, 0, 0, 0, 0, 0, 0, 0, 0, 0, 0, 0, 0, 0, 0, 0, 0, 0, 0, 0, 0, 0, 0, 0, 0, 0, 0, 0, 0, 0, 0, 0, 0, 0, 0, 0, 0, 0, 0, 0, 0, 0, 0, 0, 0, 0, 0, 0, 0, 0, 0, 0, 0, 0, 0, 0, 0, 0, 0, 0, 0, 0, 0, 0, 0, 0, 0, 0, 0, 0, 0, 0, 0, 0, 0, 0, 0, 0, 0, 0, 0, 0, 0, 0, 0, 0, 0, 0, 0, 0, 0, 0, 0, 0, 0, 0, 0, 0, 0, 0], "desired": [-0.3609594744941207, 1.287877836052485, -1.5954571808979023, -1.7493392260079494, -2.331539558120512, 1.1214392685463608, 1.087159063389774, -2.848236855175568, -2.8802082770694724, -0.6411992043084282, 2.0598414065428488, 1.1178663446318478, -0.6960368013477307, -2.7025538102363837, -1.2771392182011558, -1.7012868930103384, -1.5221797852640173, 2.6875967652645816, -1.8280092330580977, -2.3500363416718946, -0.38689474992737605, -2.708349232825833, 1.695739447547278, -0.07794566672198089, -1.0619836525640611, -2.155552612214044, 0.7055234770778411, -2.714353796911629, 2.0489710332717914, 2.440891217941247, 1.992149669418671, 0.8530522295519587, 0.4092621203152529, -1.6452125463746308, 1.6064606707922646, -0.8935881120898892, 3.1315816767382323, -0.9437215693802181, -0.5644669783473004, 2.7331065909051784, -1.8745537993560941, -2.3875600473766845, -1.24966794759456, 1.115662206876646, 0.7656813164880685, 0.4577963689426383, 2.101056483046322, 1.423980426794155, -1.6412482633029504, -0.6489751294081496, 1.7671774204266706, -1.37179373446776, -1.0702954238425368, -2.5481377697547174, 2.866812615088059, -0.1967866355118444, 0.9503220462577993, 1.2420087594414513, 1.3942826387348353, 2.6707847091968366, -2.80824962972637, -2.5401984422429065, 2.7637576289250125, -1.2031392949110387, -1.4498342397937949, 2.6139050577779406, -2.4595834294868517, 1.8800380817771885, 0.7282746089684466, 0.5744879293081828, 1.9275885862971212, 2.0481906686508324, 1.9791333626952596, 3.09738619869242, -2.448245910114154, -1.80620482828662, -0.31204903045904775, 1.0423042989612412, 1.1551980705259366, 1.911050003352491, -2.2128020323228443, -1.1335225065501882, 2.0723983712904754, -2.3570168177604804, 0.5093934317553734, -2.569962913252886, 1.6701581783731587, 1.5860025357353642, 3.1167541445128544, -1.1472459119904408, -2.2420644778838232, -0.721906285293469, -2.9697694705172997, 1.8869735870066764, 1.0308032466069639, -1.4081004518252898, 2.2977711447137645, 2.2384336232966398, -0.19822396295210698, 0.20470298102554985], "k1": 2, "k2": 8, "w1": 0.2, "w2": 0.8, "s1": 73866205, "s2": 87415498, "timeout": 100, "n_rolls": 1, "max_turn": 24, "step_size": 2.89, "arena_size": 30, "sm_seed": 5437958, "sm_noise": true, "flatten_on_first": false, "reseed_generators": false, "desired_angle_seed": 345702, "placement_angle_seed": 98437535, "n": 100}