{"c2_offset": [], "desired": [-2.287906959168003, 2.697264370191826, 1.4798225066191808, 2.874473638824435, 1.6900464055407314, -0.7178452831072755, -2.287629590123424, 1.6109346160033189, -2.825383764996832, 2.3564473767076635, 1.8559080669666557, 2.417966601920658, -2.239225954690818, 1.7745828686176708, 1.070364309284063, -2.610739323305783, -1.1268341572105278, -1.824750043748565, -2.8218231628960213, -1.198309239136118, -2.6681018910885093, -2.805340605527897, 2.495777743319845, 0.6968950839391654, 2.076130602468174, -3.1195706762879998, -2.504513209537181, 2.6760025912618293, 1.567738167667196, -0.10953470520594566], "k1": 2.943912913411867, "k2": 3.257667773458355, "w1": 0.3410813774021089, "w2": 0.6589186225978911, "s1": 61374006, "s2": 94904688, "timeout": 100, "n_rolls": 1, "max_turn": 24, "step_size": 2.89, "arena_size": 30, "sm_seed": 5437958, "sm_noise": true, "flatten_on_first": false, "reseed_generators": false, "desired_angle_seed": 345702, "placement_angle_seed": 98437535, "n": 30}