{"c2_offset": [], "desired": [-0.9510764728403407, -0.6738515232136089, 2.3039495230458558, 0.6383894192110153, -1.3964056419957733, 1.4606004950588956, 0.2816012545390687, 1.2005278623063704, -1.0465317594854135, -2.010911546770151, -2.2699531597403304, -0.6700523650284129, 0.7534528926735011, 0.5897389980345364, 2.011082703464089, 2.6007147785026703, -0.9736790205404593, 0.7174079859165792, -0.7431613949538498, 2.9195858028245016, -0.2148433460247463, 0.7235161182681362, 1.9764547949615876, -2.2949334759590316, 0.9199275852306297, 0.18204930080327308, 1.3602541118868876, 2.0018703650941623, 2.161892345407346, -2.9134198567743015], "k1": 3.2084689880306936, "k2": 1.9863502360500014, "w1": 0.8, "w2": 0.19999999999999996, "s1": 61374006, "s2": 94904688, "timeout": 100, "n_rolls": 1, "max_turn": 24, "step_size": 2.89, "arena_size": 30, "sm_seed": 5437958, "sm_noise": true, "flatten_on_first": false, "reseed_generators": false, "desired_angle_seed": 345702, "placement_angle_seed": 98437535, "n": 30}