{"c2_offset": [], "desired": [0.7164914441087546, -0.5339026658301642, -1.0616150584018533, 2.157613612468505, 3.062192839647129, -1.9923607878845295, 0.13535369937737185, 2.3067709011138, 1.5452318839117822, -0.17243910630968218, -0.9815573148337058, 3.00481941244864, 0.15898556500145045, 2.6493715250506105, -0.2761672716634398, -0.34138965982619807, 1.535402443012985, 2.7560707488319585, -1.7329945005186471, 2.5026923928891893, 2.859173047012332, -1.5501775420669188, -1.7570084262794574, -0.8106273000272508, -1.9645901268352841, -0.10765173082173218, 0.8328536628858627, -1.4619969058002578, 1.4456114355905347, -2.922742129943694], "k1": 3.9241194653488938, "k2": 3.419140987654322, "w1": 0.5000000000000001, "w2": 0.4999999999999999, "s1": 61374006, "s2": 94904688, "timeout": 100, "n_rolls": 1, "max_turn": 24, "step_size": 2.89, "arena_size": 30, "sm_seed": 5437958, "sm_noise": true, "flatten_on_first": false, "reseed_generators": false, "desired_angle_seed": 345702, "placement_angle_seed": 98437535, "n": 30}