{"c2_offset": [], "desired": [2.3495426195623503, 0.8173540705629403, 0.2639956190162809, 1.0073128048546511, -1.6258479469511014, -2.476665828357465, 1.088436049219215, 0.2366869568039398, -2.5411884582968467, -1.6500093596290488, -3.0493913091554927, -0.2918034810427632, 2.9091084606421393, 2.0061467348317876, 0.03397258677134163, -2.920898820771308, -0.04205099268766954, -3.0330822448113572, -0.1070859555535506, -2.816064962172652, 2.4420949305408692, -1.4327165269149045, 0.19175272676821242, -2.7003755858724947, 0.9695294680542075, -2.5637362936982853, -2.4738652980569698, 0.3804611732273857, -0.6242017803917692, -1.6249323435455683], "k1": 3.5176117270067615, "k2": 2.009421210350584, "w1": 0.6743256969788677, "w2": 0.3256743030211323, "s1": 61374006, "s2": 94904688, "timeout": 100, "n_rolls": 1, "max_turn": 24, "step_size": 2.89, "arena_size": 30, "sm_seed": 5437958, "sm_noise": true, "flatten_on_first": false, "reseed_generators": false, "desired_angle_seed": 345702, "placement_angle_seed": 98437535, "n": 30}