{"c2_offset": [], "desired": [0.693005077837261, 0.48215760214403636, 1.320170900482144, -0.3129043765171553, 1.0065404381333432, -1.820294750534459, 1.5264258649937776, -2.60722299487298, -2.0472197536862557, -2.5744175295062446, -2.073032669042152, 2.5312065605589886, 1.8638382229420278, -1.442181921918301, 1.8461484044903553, -0.92009696440013, -1.1509053729663687, -1.0697854466893144, -0.516608246130791, -1.235071275587589, 3.118367868199268, 0.42370801272184, 2.038091911657234, 1.9985405482678935, 1.6757029470412972, 1.130192214597412, 2.646895288816948, 0.9861563836089955, -1.853354208768316, -0.4422141942357114], "k1": 1.333337766885483, "k2": 3.419140987654322, "w1": 0.12243208626612731, "w2": 0.8775679137338727, "s1": 61374006, "s2": 94904688, "timeout": 100, "n_rolls": 1, "max_turn": 24, "step_size": 2.89, "arena_size": 30, "sm_seed": 5437958, "sm_noise": true, "flatten_on_first": false, "reseed_generators": false, "desired_angle_seed": 345702, "placement_angle_seed": 98437535, "n": 30}