{"c2_offset": [], "desired": [2.7049743401513897, 1.3554052386675988, -2.2452915623643617, 2.4037273916852957, -1.7130478533275593, 1.3738631212668562, -3.022354106584863, -0.7786077730899632, -1.4053831007011097, 2.9147716729989366, 0.7948188988973346, 2.7848649718101965, -2.6308586223316137, 2.2583850981683575, 2.451138125050501, -1.4483363717041673, 0.3666843444126724, -2.203762781753153, 2.2142478409234876, 2.8116321674479465, -0.8115668287382571, 0.8719296037085824, 2.690561028003482, 0.10007130671308495, 2.9986413580866484, -2.552695520352278, 2.797253016151009, 1.6054103725998718, 1.5294658174344962, 1.0000385878325755], "k1": 1.333337766885483, "k2": 2.009421210350584, "w1": 0.3581728114248598, "w2": 0.6418271885751402, "s1": 61374006, "s2": 94904688, "timeout": 100, "n_rolls": 1, "max_turn": 24, "step_size": 2.89, "arena_size": 30, "sm_seed": 5437958, "sm_noise": true, "flatten_on_first": false, "reseed_generators": false, "desired_angle_seed": 345702, "placement_angle_seed": 98437535, "n": 30}