{"c2_offset": [90, 90, 90, 90, 90, 90, 90, 90, 90, 90, 90, 90, 90, 90, 90, 90, 90, 90, 90, 90, 90, 90, 90, 90, 90, 90, 90, 90, 90, 90, 90, 90, 90, 90, 90, 90, 90, 90, 90, 90], "desired": [-0.3609594744941207, 1.287877836052485, -1.5954571808979023, -1.7493392260079494, -2.331539558120512, 1.1214392685463608, 1.087159063389774, -2.848236855175568, -2.8802082770694724, -0.6411992043084282, 2.0598414065428488, 1.1178663446318478, -0.6960368013477307, -2.7025538102363837, -1.2771392182011558, -1.7012868930103384, -1.5221797852640173, 2.6875967652645816, -1.8280092330580977, -2.3500363416718946, -0.38689474992737605, -2.708349232825833, 1.695739447547278, -0.07794566672198089, -1.0619836525640611, -2.155552612214044, 0.7055234770778411, -2.714353796911629, 2.0489710332717914, 2.440891217941247, 1.992149669418671, 0.8530522295519587, 0.4092621203152529, -1.6452125463746308, 1.6064606707922646, -0.8935881120898892, 3.1315816767382323, -0.9437215693802181, -0.5644669783473004, 2.7331065909051784], "k1": 2, "k2": 2, "w1": 0, "w2": 1, "s1": 73866205, "s2": 87415498, "timeout": 100, "n_rolls": 1, "max_turn": 24, "step_size": 2.89, "arena_size": 30, "sm_seed": 5437958, "sm_noise": true, "flatten_on_first": false, "reseed_generators": false, "desired_angle_seed": 345702, "placement_angle_seed": 98437535}