{"45-2.50": {"weights": [0.7408457073200906, 0.2591542926799094], "minimum_average_error": 0.28627034022778236}, "60-1.25": {"weights": [0.8104092013350204, 0.18959079866497963], "minimum_average_error": 0.2970687873663471}, "60-2.50": {"weights": [0.3508103253257308, 0.6491896746742691], "minimum_average_error": 0.382446100446766}, "75-1.25": {"weights": [0.7805725344086597, 0.2194274655913403], "minimum_average_error": 0.21283340272841828}, "75-2.50": {"weights": [0.08880258088570911, 0.9111974191142909], "minimum_average_error": 0.7025110256456149}, "86-1.25": {"weights": [0.07606189730345259, 0.9239381026965474], "minimum_average_error": 0.6446130898962578}, "86-2.50": {"weights": [0.17977763231367969, 0.8202223676863203], "minimum_average_error": 0.690591346576822}}